county,Year,Population
California,2013,38260787
Alameda County,2013,1579593
Alpine County,2013,1128
Amador County,2013,36620
Butte County,2013,221641
Calaveras County,2013,44655
Colusa County,2013,21250
Contra Costa County,2013,1093401
Del Norte County,2013,27816
El Dorado County,2013,181481
Fresno County,2013,951514
Glenn County,2013,27809
Humboldt County,2013,134403
Imperial County,2013,176438
Inyo County,2013,18357
Kern County,2013,862000
Kings County,2013,150337
Lake County,2013,63796
Lassen County,2013,32129
Los Angeles County,2013,9992484
Madera County,2013,151370
Marin County,2013,258409
Mariposa County,2013,17809
Mendocino County,2013,87054
Merced County,2013,262026
Modoc County,2013,9145
Mono County,2013,14067
Monterey County,2013,426712
Napa County,2013,139580
Nevada County,2013,97938
Orange County,2013,3104950
Placer County,2013,365398
Plumas County,2013,18895
Riverside County,2013,2286755
Sacramento County,2013,1457341
San Benito County,2013,57239
San Bernardino County,2013,2082738
San Diego County,2013,3209768
San Francisco County,2013,839572
San Joaquin County,2013,702046
San Luis Obispo County,2013,275696
San Mateo County,2013,748661
Santa Barbara County,2013,434601
Santa Clara County,2013,1866425
Santa Cruz County,2013,268816
Shasta County,2013,178397
Sierra County,2013,3028
Siskiyou County,2013,43532
Solano County,2013,423659
Sonoma County,2013,494073
Stanislaus County,2013,523451
Sutter County,2013,94507
Tehama County,2013,62875
Trinity County,2013,13427
Tulare County,2013,452460
Tuolumne County,2013,53997
Ventura County,2013,838136
Yolo County,2013,206292
Yuba County,2013,73090
California,2014,38596972
Alameda County,2014,1607792
Alpine County,2014,1080
Amador County,2014,36726
Butte County,2014,223516
Calaveras County,2014,44671
Colusa County,2014,21176
Contra Costa County,2014,1108876
Del Norte County,2014,27175
El Dorado County,2014,183108
Fresno County,2014,960567
Glenn County,2014,27831
Humboldt County,2014,134494
Imperial County,2014,177974
Inyo County,2014,18292
Kern County,2014,869176
Kings County,2014,149495
Lake County,2014,64044
Lassen County,2014,31664
Los Angeles County,2014,10040072
Madera County,2014,153456
Marin County,2014,260359
Mariposa County,2014,17714
Mendocino County,2014,87225
Merced County,2014,264419
Modoc County,2014,9068
Mono County,2014,14134
Monterey County,2014,428475
Napa County,2014,140405
Nevada County,2014,98572
Orange County,2014,3126537
Placer County,2014,369217
Plumas County,2014,18622
Riverside County,2014,2316162
Sacramento County,2014,1474917
San Benito County,2014,57825
San Bernardino County,2014,2099181
San Diego County,2014,3248877
San Francisco County,2014,850750
San Joaquin County,2014,711579
San Luis Obispo County,2014,278227
San Mateo County,2014,757204
Santa Barbara County,2014,439045
Santa Clara County,2014,1891753
Santa Cruz County,2014,270861
Shasta County,2014,178844
Sierra County,2014,2972
Siskiyou County,2014,43338
Solano County,2014,429006
Sonoma County,2014,498560
Stanislaus County,2014,528015
Sutter County,2014,94778
Tehama County,2014,62801
Trinity County,2014,13128
Tulare County,2014,455138
Tuolumne County,2014,53851
Ventura County,2014,842297
Yolo County,2014,208398
Yuba County,2014,73533
California,2015,38918045
Alameda County,2015,1634538
Alpine County,2015,1077
Amador County,2015,37031
Butte County,2015,224631
Calaveras County,2015,44965
Colusa County,2015,21231
Contra Costa County,2015,1124405
Del Norte County,2015,27190
El Dorado County,2015,184569
Fresno County,2015,969488
Glenn County,2015,27753
Humboldt County,2015,135102
Imperial County,2015,178937
Inyo County,2015,18108
Kern County,2015,876031
Kings County,2015,150085
Lake County,2015,64260
Lassen County,2015,31256
Los Angeles County,2015,10085416
Madera County,2015,153576
Marin County,2015,260916
Mariposa County,2015,17622
Mendocino County,2015,87107
Merced County,2015,266353
Modoc County,2015,9056
Mono County,2015,14077
Monterey County,2015,430552
Napa County,2015,140862
Nevada County,2015,98676
Orange County,2015,3149280
Placer County,2015,372841
Plumas County,2015,18427
Riverside County,2015,2345816
Sacramento County,2015,1493674
San Benito County,2015,58216
San Bernardino County,2015,2115411
San Diego County,2015,3280850
San Francisco County,2015,863010
San Joaquin County,2015,722271
San Luis Obispo County,2015,280077
San Mateo County,2015,765055
Santa Barbara County,2015,442229
Santa Clara County,2015,1916285
Santa Cruz County,2015,273503
Shasta County,2015,178314
Sierra County,2015,2985
Siskiyou County,2015,43254
Solano County,2015,433409
Sonoma County,2015,500863
Stanislaus County,2015,533211
Sutter County,2015,95282
Tehama County,2015,63158
Trinity County,2015,13094
Tulare County,2015,457161
Tuolumne County,2015,53615
Ventura County,2015,845802
Yolo County,2015,212037
Yuba County,2015,74045
California,2016,39167117
Alameda County,2016,1650950
Alpine County,2016,1047
Amador County,2016,37429
Butte County,2016,226231
Calaveras County,2016,45322
Colusa County,2016,21496
Contra Costa County,2016,1137268
Del Norte County,2016,27382
El Dorado County,2016,185976
Fresno County,2016,976830
Glenn County,2016,27840
Humboldt County,2016,136290
Imperial County,2016,180179
Inyo County,2016,17922
Kern County,2016,880856
Kings County,2016,149382
Lake County,2016,63903
Lassen County,2016,30721
Los Angeles County,2016,10105708
Madera County,2016,153956
Marin County,2016,260562
Mariposa County,2016,17456
Mendocino County,2016,87285
Merced County,2016,267628
Modoc County,2016,8961
Mono County,2016,14273
Monterey County,2016,433953
Napa County,2016,140840
Nevada County,2016,98913
Orange County,2016,3164986
Placer County,2016,378943
Plumas County,2016,18665
Riverside County,2016,2380081
Sacramento County,2016,1510987
San Benito County,2016,59225
San Bernardino County,2016,2131960
San Diego County,2016,3306089
San Francisco County,2016,871512
San Joaquin County,2016,732809
San Luis Obispo County,2016,281803
San Mateo County,2016,767906
Santa Barbara County,2016,444340
Santa Clara County,2016,1928368
Santa Cruz County,2016,274396
Shasta County,2016,178571
Sierra County,2016,2951
Siskiyou County,2016,43376
Solano County,2016,438858
Sonoma County,2016,502547
Stanislaus County,2016,539255
Sutter County,2016,95742
Tehama County,2016,63453
Trinity County,2016,12828
Tulare County,2016,459235
Tuolumne County,2016,53770
Ventura County,2016,847323
Yolo County,2016,215627
Yuba County,2016,74952
California,2017,39358497
Alameda County,2017,1660196
Alpine County,2017,1111
Amador County,2017,38529
Butte County,2017,228696
Calaveras County,2017,45681
Colusa County,2017,21579
Contra Costa County,2017,1145535
Del Norte County,2017,27351
El Dorado County,2017,188679
Fresno County,2017,985238
Glenn County,2017,27926
Humboldt County,2017,136507
Imperial County,2017,181649
Inyo County,2017,17868
Kern County,2017,887356
Kings County,2017,149665
Lake County,2017,64111
Lassen County,2017,30920
Los Angeles County,2017,10103711
Madera County,2017,155423
Marin County,2017,259749
Mariposa County,2017,17414
Mendocino County,2017,87576
Merced County,2017,271096
Modoc County,2017,8876
Mono County,2017,14354
Monterey County,2017,434534
Napa County,2017,139878
Nevada County,2017,99367
Orange County,2017,3174289
Placer County,2017,385115
Plumas County,2017,18660
Riverside County,2017,2414964
Sacramento County,2017,1527301
San Benito County,2017,60164
San Bernardino County,2017,2150945
San Diego County,2017,3321237
San Francisco County,2017,878040
San Joaquin County,2017,743296
San Luis Obispo County,2017,282481
San Mateo County,2017,768901
Santa Barbara County,2017,445298
Santa Clara County,2017,1932510
Santa Cruz County,2017,274856
Shasta County,2017,179384
Sierra County,2017,3002
Siskiyou County,2017,43622
Solano County,2017,443511
Sonoma County,2017,502469
Stanislaus County,2017,544717
Sutter County,2017,96204
Tehama County,2017,63847
Trinity County,2017,12726
Tulare County,2017,462308
Tuolumne County,2017,53976
Ventura County,2017,849044
Yolo County,2017,218477
Yuba County,2017,76578
California,2018,39461588
Alameda County,2018,1666756
Alpine County,2018,1089
Amador County,2018,39405
Butte County,2018,230339
Calaveras County,2018,45698
Colusa County,2018,21418
Contra Costa County,2018,1150519
Del Norte County,2018,27740
El Dorado County,2018,190746
Fresno County,2018,991950
Glenn County,2018,27967
Humboldt County,2018,136244
Imperial County,2018,181523
Inyo County,2018,17946
Kern County,2018,893758
Kings County,2018,151382
Lake County,2018,64317
Lassen County,2018,30618
Los Angeles County,2018,10073906
Madera County,2018,156882
Marin County,2018,259662
Mariposa County,2018,17405
Mendocino County,2018,87401
Merced County,2018,274151
Modoc County,2018,8800
Mono County,2018,14403
Monterey County,2018,433950
Napa County,2018,138789
Nevada County,2018,99508
Orange County,2018,3175973
Placer County,2018,392330
Plumas County,2018,18741
Riverside County,2018,2445789
Sacramento County,2018,1538746
San Benito County,2018,61467
San Bernardino County,2018,2166753
San Diego County,2018,3333861
San Francisco County,2018,880696
San Joaquin County,2018,752491
San Luis Obispo County,2018,283354
San Mateo County,2018,768681
Santa Barbara County,2018,445780
Santa Clara County,2018,1932337
Santa Cruz County,2018,273841
Shasta County,2018,179709
Sierra County,2018,2997
Siskiyou County,2018,43550
Solano County,2018,445725
Sonoma County,2018,498643
Stanislaus County,2018,548126
Sutter County,2018,96348
Tehama County,2018,64018
Trinity County,2018,12567
Tulare County,2018,464589
Tuolumne County,2018,54387
Ventura County,2018,848142
Yolo County,2018,220118
Yuba County,2018,77557
California,2019,39512223
Alameda County,2019,1671329
Alpine County,2019,1129
Amador County,2019,39752
Butte County,2019,219186
Calaveras County,2019,45905
Colusa County,2019,21547
Contra Costa County,2019,1153526
Del Norte County,2019,27812
El Dorado County,2019,192843
Fresno County,2019,999101
Glenn County,2019,28393
Humboldt County,2019,135558
Imperial County,2019,181215
Inyo County,2019,18039
Kern County,2019,900202
Kings County,2019,152940
Lake County,2019,64386
Lassen County,2019,30573
Los Angeles County,2019,10039107
Madera County,2019,157327
Marin County,2019,258826
Mariposa County,2019,17203
Mendocino County,2019,86749
Merced County,2019,277680
Modoc County,2019,8841
Mono County,2019,14444
Monterey County,2019,434061
Napa County,2019,137744
Nevada County,2019,99755
Orange County,2019,3175692
Placer County,2019,398329
Plumas County,2019,18807
Riverside County,2019,2470546
Sacramento County,2019,1552058
San Benito County,2019,62808
San Bernardino County,2019,2180085
San Diego County,2019,3338330
San Francisco County,2019,881549
San Joaquin County,2019,762148
San Luis Obispo County,2019,283111
San Mateo County,2019,766573
Santa Barbara County,2019,446499
Santa Clara County,2019,1927852
Santa Cruz County,2019,273213
Shasta County,2019,180080
Sierra County,2019,3005
Siskiyou County,2019,43539
Solano County,2019,447643
Sonoma County,2019,494336
Stanislaus County,2019,550660
Sutter County,2019,96971
Tehama County,2019,65084
Trinity County,2019,12285
Tulare County,2019,466195
Tuolumne County,2019,54478
Ventura County,2019,846006
Yolo County,2019,220500
Yuba County,2019,78668
